variant_index,coordinate,variant_id,chrom,pos,ref,alt,n_samples,allele_number,alt_count,allele_frequency,dosage_variance,igsr_global_af,abs_delta_vs_igsr_global_af,source_superpop_min,source_superpop_min_af,source_superpop_max,source_superpop_max_af,source_superpop_af_range,panel_superpop_min,panel_superpop_min_af,panel_superpop_max,panel_superpop_max_af,panel_superpop_af_range,fst_like_panel,fst_like_igsr_source
1,22:16051249:T:C,22:16051249:T:C,22,16051249,T,C,50,100,12,0.12,0.1824,0.11242,0.0075799999999999895,AFR,0.0038,SAS,0.2791,0.2753,AFR,0.0,SAS,0.25,0.25,0.08143939393939414,0.07660335186265749
2,22:16052080:G:A,22:16052080:G:A,22,16052080,G,A,50,100,16,0.16,0.21760000000000002,0.141174,0.01882600000000001,AFR,0.0522,EAS,0.251,0.1988,AFR,0.05,EAS,0.35,0.3,0.10714285714285712,0.04404762330538106
3,22:16052962:C:T,22:16052962:C:T,22,16052962,C,T,50,100,12,0.12,0.1824,0.0938498,0.0261502,AFR,0.0083,SAS,0.2526,0.2443,AFR,0.05,SAS,0.25,0.2,0.05303030303030322,0.0750418331659868
4,22:16053659:A:C,22:16053659:A:C,22,16053659,A,C,50,100,80,0.8,0.27999999999999936,0.857628,0.0576279999999999,EUR,0.7296,EAS,0.9167,0.18709999999999993,EUR,0.65,AFR,0.95,0.29999999999999993,0.10000000000000007,0.0371057529001822
5,22:16053862:C:T,22:16053862:C:T,22,16053862,C,T,50,100,13,0.13,0.19240000000000002,0.114617,0.015383000000000008,AFR,0.0045,SAS,0.2853,0.2808,AFR,0.05,SAS,0.25,0.2,0.058355437665782564,0.07866740763736216
6,22:16054454:C:T,22:16054454:C:T,22,16054454,C,T,50,100,13,0.13,0.19240000000000002,0.115815,0.014185000000000003,AFR,0.0083,SAS,0.2853,0.277,AFR,0.05,SAS,0.25,0.2,0.058355437665782564,0.07638739911245745
7,22:16054740:A:G,22:16054740:A:G,22,16054740,A,G,50,100,44,0.44,0.34560000000000013,0.495607,0.05560700000000002,EUR,0.4185,EAS,0.6518,0.23330000000000006,SAS,0.35,EAS,0.55,0.20000000000000007,0.017857142857142693,0.03177036697582411
8,22:16055070:G:A,22:16055070:G:A,22,16055070,G,A,50,100,15,0.15,0.21,0.134784,0.015216000000000007,AFR,0.0371,EAS,0.2421,0.20500000000000002,AFR,0.05,EAS,0.35,0.3,0.10196078431372547,0.04750927642839161
9,22:16055942:C:T,22:16055942:C:T,22,16055942,C,T,50,100,76,0.76,0.2896000000000001,0.819289,0.059289000000000036,AFR,0.7436,EAS,0.9216,0.17799999999999994,EUR,0.65,EAS,0.95,0.29999999999999993,0.05701754385964908,0.03681418906603742
10,22:16057417:C:T,22:16057417:C:T,22,16057417,C,T,50,100,13,0.13,0.19240000000000002,0.113618,0.016382000000000008,AFR,0.0045,SAS,0.2853,0.2808,AFR,0.05,SAS,0.25,0.2,0.058355437665782564,0.0797495375192555
11,22:16058758:C:A,22:16058758:C:A,22,16058758,C,A,50,100,14,0.14,0.2016,0.141573,0.001572999999999991,AFR,0.0348,EUR,0.2386,0.2038,AFR,0.1,SAS,0.2,0.1,0.01162790697674406,0.03888358270952934
12,22:16060513:T:C,22:16060513:T:C,22,16060513,T,C,50,100,57,0.57,0.5204000000000002,0.523562,0.04643799999999998,EAS,0.4395,EUR,0.672,0.23250000000000004,AFR,0.45,AMR,0.75,0.3,0.051407588739289974,0.028396818352083807
13,22:16060797:A:C,22:16060797:A:C,22,16060797,A,C,50,100,76,0.76,0.3296000000000001,0.820088,0.06008800000000003,AFR,0.7398,EAS,0.9196,0.17979999999999996,EUR,0.6,EAS,0.95,0.35,0.07346491228070187,0.036938510416937936
14,22:16061016:T:C,22:16061016:T:C,22,16061016,T,C,50,100,17,0.17,0.26439999999999997,0.174121,0.004120999999999986,AFR,0.0772,EUR,0.2584,0.18120000000000003,AMR,0.05,AFR,0.2,0.15000000000000002,0.0255138199858256,0.029390604021025963
15,22:16061992:A:C,22:16061992:A:C,22,16061992,A,C,50,100,46,0.46,0.39359999999999995,0.475839,0.015838999999999992,AFR,0.4107,EAS,0.6329,0.2222,SAS,0.3,AMR,0.6,0.3,0.04589371980676326,0.033085979254721135
16,22:16062988:C:T,22:16062988:C:T,22,16062988,C,T,50,100,13,0.13,0.19240000000000002,0.0926518,0.0373482,AFR,0.0038,SAS,0.2444,0.2406,AFR,0.05,SAS,0.25,0.2,0.058355437665782564,0.0722368783437673
17,22:16063369:C:T,22:16063369:C:T,22,16063369,C,T,50,100,11,0.11,0.1716,0.090655,0.019345,AFR,0.0038,SAS,0.2403,0.23650000000000002,EUR,0.0,SAS,0.25,0.25,0.09601634320735462,0.07115238325140069
18,22:16064992:G:A,22:16064992:G:A,22,16064992,G,A,50,100,17,0.17,0.26439999999999997,0.186102,0.016101999999999977,AFR,0.0756,EUR,0.2793,0.2037,AMR,0.05,AFR,0.2,0.15000000000000002,0.0255138199858256,0.03366721534062143
19,22:16067208:C:G,22:16067208:C:G,22,16067208,C,G,50,100,65,0.65,0.7299999999999998,0.746805,0.09680500000000003,EUR,0.6074,EAS,0.9058,0.2984,AMR,0.45,EAS,0.9,0.45,0.13626373626373603,0.06037547360110501
20,22:16067411:T:C,22:16067411:T:C,22,16067411,T,C,50,100,13,0.13,0.27240000000000003,0.124002,0.005998000000000003,AFR,0.003,SAS,0.3098,0.3068,AFR,0.0,EAS,0.25,0.25,0.07603890362511061,0.08736932712516177
21,22:16067693:C:T,22:16067693:C:T,22,16067693,C,T,50,100,32,0.32,0.5904,0.332268,0.012268000000000001,AFR,0.2216,EAS,0.5188,0.2972,AMR,0.25,EAS,0.4,0.15000000000000002,0.01654411764705866,0.048478096505677484
22,22:16069141:C:G,22:16069141:C:G,22,16069141,C,G,50,100,66,0.66,0.6975999999999998,0.767173,0.10717299999999996,EUR,0.663,EAS,0.9415,0.27849999999999997,AMR,0.5,EAS,0.9,0.4,0.09982174688057041,0.0639722688321976
23,22:16069707:C:G,22:16069707:C:G,22,16069707,C,G,50,100,41,0.41,0.5476000000000001,0.378594,0.03140599999999999,AFR,0.2496,EAS,0.5565,0.3069,EUR,0.3,EAS,0.55,0.25000000000000006,0.038859032658123155,0.051421574527500645
24,22:16070003:C:T,22:16070003:C:T,22,16070003,C,T,50,100,17,0.17,0.38439999999999996,0.163339,0.006661,AFR,0.0514,SAS,0.226,0.1746,AMR,0.1,EAS,0.25,0.15,0.018426647767540688,0.029162074261244786
