variant_index,coordinate,n_groups,total_samples,total_alleles,panel_af,mean_group_af,min_group,min_group_af,max_group,max_group_af,max_pairwise_af_delta,expected_heterozygosity_total,expected_heterozygosity_within_mean,fst_like,igsr_source_mean_group_af,igsr_source_max_pairwise_af_delta,igsr_source_fst_like
1,22:16051249:T:C,5,50,100,0.12,0.12000000000000002,AFR,0.0,SAS,0.25,0.25,0.21120000000000005,0.194,0.08143939393939414,0.12222,0.2753,0.07660335186265749
2,22:16052080:G:A,5,50,100,0.16,0.16,AFR,0.05,EAS,0.35,0.3,0.2688,0.24,0.10714285714285712,0.15192,0.1988,0.04404762330538106
3,22:16052962:C:T,5,50,100,0.12,0.12000000000000002,AFR,0.05,SAS,0.25,0.2,0.21120000000000005,0.2,0.05303030303030322,0.10108000000000002,0.2443,0.0750418331659868
4,22:16053659:A:C,5,50,100,0.8,0.7999999999999999,EUR,0.65,AFR,0.95,0.29999999999999993,0.32000000000000006,0.28800000000000003,0.10000000000000007,0.8536400000000001,0.18709999999999993,0.0371057529001822
5,22:16053862:C:T,5,50,100,0.13,0.13,AFR,0.05,SAS,0.25,0.2,0.2262,0.213,0.058355437665782564,0.12458,0.2808,0.07866740763736216
6,22:16054454:C:T,5,50,100,0.13,0.13,AFR,0.05,SAS,0.25,0.2,0.2262,0.213,0.058355437665782564,0.12553999999999998,0.277,0.07638739911245745
7,22:16054740:A:G,5,50,100,0.44,0.44000000000000006,SAS,0.35,EAS,0.55,0.20000000000000007,0.4928,0.4840000000000001,0.017857142857142693,0.5035999999999999,0.23330000000000006,0.03177036697582411
8,22:16055070:G:A,5,50,100,0.15,0.15,AFR,0.05,EAS,0.35,0.3,0.255,0.229,0.10196078431372547,0.14642,0.20500000000000002,0.04750927642839161
9,22:16055942:C:T,5,50,100,0.76,0.76,EUR,0.65,EAS,0.95,0.29999999999999993,0.3648,0.34400000000000003,0.05701754385964908,0.8247,0.17799999999999994,0.03681418906603742
10,22:16057417:C:T,5,50,100,0.13,0.13,AFR,0.05,SAS,0.25,0.2,0.2262,0.213,0.058355437665782564,0.12349999999999998,0.2808,0.0797495375192555
11,22:16058758:C:A,5,50,100,0.14,0.13999999999999999,AFR,0.1,SAS,0.2,0.1,0.24079999999999996,0.238,0.01162790697674406,0.1463,0.2038,0.03888358270952934
12,22:16060513:T:C,5,50,100,0.57,0.5700000000000001,AFR,0.45,AMR,0.75,0.3,0.49019999999999997,0.465,0.051407588739289974,0.5303599999999999,0.23250000000000004,0.028396818352083807
13,22:16060797:A:C,5,50,100,0.76,0.76,EUR,0.6,EAS,0.95,0.35,0.3648,0.33799999999999997,0.07346491228070187,0.8264400000000001,0.17979999999999996,0.036938510416937936
14,22:16061016:T:C,5,50,100,0.17,0.17,AMR,0.05,AFR,0.2,0.15000000000000002,0.2822,0.275,0.0255138199858256,0.17772,0.18120000000000003,0.029390604021025963
15,22:16061992:A:C,5,50,100,0.46,0.45999999999999996,SAS,0.3,AMR,0.6,0.3,0.4968,0.47400000000000003,0.04589371980676326,0.48396,0.2222,0.033085979254721135
16,22:16062988:C:T,5,50,100,0.13,0.13,AFR,0.05,SAS,0.25,0.2,0.2262,0.213,0.058355437665782564,0.10095999999999998,0.2406,0.0722368783437673
17,22:16063369:C:T,5,50,100,0.11,0.11000000000000001,EUR,0.0,SAS,0.25,0.25,0.19580000000000003,0.177,0.09601634320735462,0.09868,0.23650000000000002,0.07115238325140069
18,22:16064992:G:A,5,50,100,0.17,0.17,AMR,0.05,AFR,0.2,0.15000000000000002,0.2822,0.275,0.0255138199858256,0.19066,0.2037,0.03366721534062143
19,22:16067208:C:G,5,50,100,0.65,0.65,AMR,0.45,EAS,0.9,0.45,0.45499999999999996,0.39300000000000007,0.13626373626373603,0.7498600000000001,0.2984,0.06037547360110501
20,22:16067411:T:C,5,50,100,0.13,0.13,AFR,0.0,EAS,0.25,0.25,0.2262,0.209,0.07603890362511061,0.13216,0.3068,0.08736932712516177
21,22:16067693:C:T,5,50,100,0.32,0.32,AMR,0.25,EAS,0.4,0.15000000000000002,0.4352,0.42800000000000005,0.01654411764705866,0.34266,0.2972,0.048478096505677484
22,22:16069141:C:G,5,50,100,0.66,0.6599999999999999,AMR,0.5,EAS,0.9,0.4,0.44880000000000003,0.404,0.09982174688057041,0.77312,0.27849999999999997,0.0639722688321976
23,22:16069707:C:G,5,50,100,0.41,0.41000000000000003,EUR,0.3,EAS,0.55,0.25000000000000006,0.4838,0.465,0.038859032658123155,0.39281999999999995,0.3069,0.051421574527500645
24,22:16070003:C:T,5,50,100,0.17,0.16999999999999998,AMR,0.1,EAS,0.25,0.15,0.2822,0.277,0.018426647767540688,0.17021999999999998,0.1746,0.029162074261244786
